<edmx:Edmx xmlns:edmx="http://docs.oasis-open.org/odata/ns/edmx" Version="4.0">
    <edmx:Reference Uri="https://sap.github.io/odata-vocabularies/vocabularies/UI.xml">
        <edmx:Include Namespace="com.sap.vocabularies.UI.v1" Alias="UI"/>
    </edmx:Reference>
    <edmx:Reference Uri="/catalog/$metadata">
        <edmx:Include Namespace="CatalogService"/>
    </edmx:Reference>
    <edmx:DataServices>
        <Schema xmlns="http://docs.oasis-open.org/odata/ns/edm" Namespace="local">
            <Annotations Target="CatalogService.Books">
                <Annotation Term="UI.LineItem">
                    <Collection>
                        <Record Type="UI.DataField">
                            <PropertyValue Property="Label" String="ID"/>
                            <PropertyValue Property="Value" Path="ID"/>
                        </Record>
                        <Record Type="UI.DataField">
                            <PropertyValue Property="Label" String="title"/>
                            <PropertyValue Property="Value" Path="title"/>
                        </Record>
                        <Record Type="UI.DataField">
                            <PropertyValue Property="Label" String="stock"/>
                            <PropertyValue Property="Value" Path="stock"/>
                        </Record>
                    </Collection>
                </Annotation>
                <Annotation Term="UI.FieldGroup" Qualifier="GeneratedGroup1">
                    <Record Type="UI.FieldGroupType">
                        <PropertyValue Property="Data">
                            <Collection>
                                <Record Type="UI.DataField">
                                    <PropertyValue Property="Label" String="ID"/>
                                    <PropertyValue Property="Value" Path="ID"/>
                                </Record>
                                <Record Type="UI.DataField">
                                    <PropertyValue Property="Label" String="title"/>
                                    <PropertyValue Property="Value" Path="title"/>
                                </Record>
                                <Record Type="UI.DataField">
                                    <PropertyValue Property="Label" String="stock"/>
                                    <PropertyValue Property="Value" Path="stock"/>
                                </Record>
                            </Collection>
                        </PropertyValue>
                    </Record>
                </Annotation>
                <Annotation Term="UI.Facets">
                    <Collection>
                        <Record Type="UI.ReferenceFacet">
                            <PropertyValue Property="ID" String="GeneratedFacet1"/>
                            <PropertyValue Property="Label" String="General Information"/>
                            <PropertyValue Property="Target" AnnotationPath="@UI.FieldGroup#GeneratedGroup1"/>
                        </Record>
                    </Collection>
                </Annotation>
            </Annotations>
        </Schema>
    </edmx:DataServices>
</edmx:Edmx>